{
	"agcgw":{
		"backurl":"connect-dre.dbankcloud.cn",
		"url":"connect-dre.hispace.hicloud.com"
	},
	"client":{
		"cp_id":"5190090000025522686",
		"product_id":"736430079244541917",
		"client_id":"397115431770391680",
		"client_secret":"56C7BF5BB2EC9837A1483EE3E4C866384D75468C38126353A1E047967A9E696F",
		"app_id":"102494977",
		"package_name":"com.huawei.hms.rn.push.demoo",
		"api_key":"CgB6e3x9mYVjcEYAn6d9E8F+hXeHt6JrVznNGETLa81Kq5I0I+U/CzuvkPwI+aoG3jN9Ji7iqfR3dD8A5xOFLq30"
	},
	"service":{
		"analytics":{
			"collector_url":"datacollector-dre.dt.hicloud.com,datacollector-dre.dt.dbankcloud.cn",
			"resource_id":"p1",
			"channel_id":""
		},
		"cloudstorage":{
			"storage_url":"https://ops-dre.agcstorage.link"
		},
		"ml":{
			"mlservice_url":"ml-api-dre.ai.dbankcloud.com,ml-api-dre.ai.dbankcloud.cn"
		}
	},
	"region":"DE",
	"configuration_version":"1.0"
}